Center,Kassenr,ScandcleftID,,Født,Materialedato A,Anteroposterior 1,Anteroposterior 2,Vertical 1,Vertical 2,Transverse,Crowding ,Spacing,"Tooth shape/size
",Pan 1,"Pan 2
",Total Row Score A,Goslon Score A,Materialedato B,Anteroposterior 1,Anteroposterior,Vertical 1,Vertical 2,Transverse,Crowding ,Spacing,"Tooth shape/size
",Pan 1,"Pan 2
",Total Row Score B,Goslon Score B,Materialedato C,Anteroposterior 1,Anteroposterior 2,Vertical 1,Vertical 2,Transverse,Crowding ,Spacing,"Tooth shape/size
",Pan 1,"Pan 2
",Total Row Score C,Goslon Score C
H,1,11209,b,05.11.98,00.01.00,,,,,,,,,,,0,,00.01.00,,,,,,,,,,,0,,00.01.00,,,,,,,,,,,0,
H,2,11214,b,26.03.99,06.06.07,9,0,0,0,6,0,4,0,,4,23,2,14.04.09,0,0,0,0,6,0,4,0,,3,13,2,08.03.16,0,0,0,0,0,0,0,0,,0,0,1
H,3,11112,b,12.03.99,24.02.07,9,0,0,0,6,1,1,1,,3,21,2,11.03.09,9,0,2,4,6,0,0,1,,3,25,2,28.02.18,0,0,2,0,6,0,0,0,,0,8,1
H,4,11215,b,23.04.99,22.05.07,0,0,0,0,2,3,1,0,,4,10,1,20.02.13,0,0,0,0,6,1,3,0,,0,10,2,01.02.16,0,3,0,0,6,0,0,0,,0,9,1
H,5,11229,a,22.11.99,14.11.07,9,0,1,0,6,4,0,1,,4,25,2,18.01.12,9,0,2,0,6,4,0,1,,4,26,2,25.04.18,0,1,0,0,6,1,0,1,,0,9,1
H,6,11218,b,06.01.99,06.06.07,0,0,0,0,6,0,0,0,,4,10,2,14.05.13,0,0,0,0,2,0,4,0,,3,9,1,19.04.22,6,0,3,0,2,0,2,0,,0,13,2
H,7,11134,b,23.01.00,16.01.08,12,1,0,0,6,4,0,1,,4,28,4,09.05.12,12,1,0,3,8,4,0,1,,4,33,5,09.12.15,12,4,0,0,6,3,0,1,,3,29,5
H,8,11237,b,26.04.00,04.06.08,12,0,2,4,0,3,0,1,,4,26,2,01.05.12,12,0,3,0,6,0,0,1,,4,26,3,29.11.17,0,0,1,0,6,0,2,0,,0,9,1
H,9,11232,b,05.11.99,21.11.07,0,0,0,0,6,2,2,1,,4,15,1,14.11.12,9,0,0,0,6,3,0,1,,4,23,1,07.06.17,0,0,3,0,0,0,0,0,,0,3,1
H,10,11143,a,30.07.00,18.06.08,12,0,1,0,8,4,0,1,,4,30,3,17.06.10,0,0,3,4,6,4,0,1,,4,22,2,26.09.18,0,0,3,0,6,0,0,0,,0,9,2
H,12,11249,b,22.11.00,26.11.08,12,0,0,0,6,3,0,2,,4,27,2,21.11.12,0,0,0,0,6,1,3,2,,4,16,1,04.04.18,0,0,0,0,0,0,2,0,,0,2,1
H,13,11251,a,30.11.00,12.11.08,12,0,0,0,6,4,0,1,,4,27,3,25.09.13,12,0,0,0,8,4,0,0,,3,27,5,21.09.16,12,4,0,0,8,0,0,0,,0,24,5
H,14,11250,a,30.11.00,19.11.08,12,0,0,1,8,4,0,0,,4,29,3,16.01.13,12,4,2,3,8,4,0,0,,1,34,5,02.11.16,12,4,0,0,8,0,0,0,,0,24,5
H,15,11253,a,09.01.01,07.01.09,12,0,0,0,8,4,0,1,,4,29,3,13.03.13,9,0,0,0,8,4,0,1,,3,25,2,20.06.16,3,0,0,0,0,0,0,0,,0,3,1
H,16,11156,b,23.01.01,28.01.09,12,0,2,0,8,3,0,1,,4,30,3,19.06.13,9,0,2,3,6,3,0,1,,3,27,3,22.01.18,0,0,3,0,6,0,0,1,,0,10,2
H,17,11268,a,22.05.01,18.08.09,9,0,0,0,6,4,0,0,,4,23,2,10.06.13,0,0,0,0,6,4,0,0,,4,14,2,28.06.17,0,0,0,0,0,1,0,0,,0,1,1
H,18,11172,a,15.06.01,10.06.09,12,1,0,0,6,4,0,0,,4,27,3,05.02.14,12,1,0,0,8,4,0,0,,4,29,5,18.04.18,12,4,0,0,8,3,0,0,,0,27,5
H,19,11271,b,13.06.01,24.06.09,12,0,2,0,8,4,0,0,,4,30,5,24.09.13,12,4,0,4,8,4,0,0,,3,35,5,08.02.19,12,2,4,4,8,3,4,0,,0,37,5
H,20,11274,b,21.06.01,24.06.09,9,0,3,0,6,0,4,0,,4,26,3,18.06.14,9,0,2,3,8,0,4,0,,3,29,4,16.09.18,12,4,2,0,8,4,0,0,,0,30,4
H,21,11273,a,18.06.01,18.03.09,12,0,0,0,8,4,0,0,,4,28,3,08.06.11,9,0,0,3,6,4,0,0,,3,25,2,21.08.19,12,0,3,0,6,2,0,0,,0,23,3
H,22,11280,b,19.10.01,21.10.09,12,1,3,0,8,4,0,1,,4,33,4,27.11.13,12,4,0,3,8,3,0,1,,4,35,5,03.10.18,3,1,3,3,6,0,0,1,,0,17,2
H,23,11183,b,14.11.01,11.11.09,12,0,0,0,6,4,0,0,,4,26,3,13.11.13,12,0,1,0,6,4,0,0,,4,27,3,24.04.17,12,1,1,0,6,4,0,0,,0,24,3
H,24,11281,a,23.10.01,29.10.09,12,0,0,0,8,4,0,0,,4,28,3,11.03.14,0,0,3,4,6,0,0,0,,4,17,3,25.06.18,0,0,2,0,0,0,0,0,,0,2,1
H,25,11288,a,04.02.02,10.02.10,9,0,2,0,6,,0,1,,4,22,2,12.08.14,9,0,0,3,6,1,0,1,,3,23,2,13.10.18,0,0,0,0,4,1,0,0,,0,5,1
H,26,11291,a,22.04.02,13.04.10,12,0,4,0,8,4,0,0,,4,32,3,13.08.14,0,0,0,0,6,1,3,0,,3,13,2,26.09.18,0,0,1,0,6,1,0,0,,0,8,1
H,27,11192,a,11.06.02,25.05.10,0,0,0,0,6,0,0,0,,4,10,2,03.03.15,0,0,0,0,6,0,4,0,,0,10,2,14.09.17,0,0,0,0,2,0,0,0,,0,2,1
H,28,11193,a,28.07.02,02.06.10,12,0,0,0,6,4,0,0,,4,26,3,29.09.14,0,0,0,3,2,3,0,0,,3,11,2,13.12.17,0,0,0,0,2,0,0,0,,0,2,1
H,31,112103,b,10.11.02,19.01.11,9,0,1,0,6,2,0,0,,4,22,2,30.01.13,9,0,1,4,6,4,0,0,,3,27,2,07.09.16,6,0,2,0,0,0,0,0,,0,8,2
H,32,112106,a,21.12.02,29.03.11,12,0,0,0,6,3,0,0,,4,25,,06.02.15,9,0,0,0,8,4,0,0,,3,24,,21.12.02,12,4,3,4,6,2,0,0,,0,31,4
H,33,112111,a,18.04.03,27.04.11,9,0,1,2,6,2,2,1,,4,27,3,03.06.15,9,0,1,2,6,2,2,1,,4,27,2,02.10.19,9,0,0,0,8,2,0,1,,0,20,2
H,34,112114,a,28.04.03,27.04.11,12,0,2,4,8,4,0,0,,4,34,5,25.03.15,12,4,0,3,8,2,0,0,,1,30,5,26.09.18,12,4,0,4,8,2,0,0,,0,30,5
H,35,111115,b,08.05.03,08.06.11,12,0,2,0,8,4,0,0,,4,30,2,11.03.15,9,0,2,2,6,0,0,0,,4,23,2,25.04.18,3,0,1,0,0,0,0,0,,0,4,1
H,36,112120,,26.06.03,07.09.11,12,0,0,0,8,3,0,0,,4,27,2,18.08.15,0,0,0,0,6,0,0,0,,3,9,2,03.03.21,0,0,2,0,2,0,0,0,,0,4,1
H,37,112127,a,27.09.03,12.10.11,12,0,2,0,6,1,0,0,,4,25,2,18.08.15,12,2,0,2,8,4,0,0,,0,28,4,05.12.18,12,4,0,0,8,1,0,0,,0,25,4
H,38,112129,a,14.11.03,08.11.11,9,0,0,0,6,3,0,0,,4,22,2,02.11.16,12,0,0,3,6,4,0,0,,4,29,3,12.01.23,0,0,0,0,6,0,0,0,,0,6,1
H,39,112131,b,01.12.03,17.01.12,12,4,4,0,8,3,0,0,,4,35,4,28.01.14,12,4,2,0,8,3,0,0,,3,32,4,15.01.20,12,4,2,0,8,0,0,0,,3,29,5
H,40,112135,b,18.02.04,29.02.12,0,0,0,0,0,0,0,1,,4,5,1,07.03.16,0,0,0,0,0,4,0,1,,3,8,1,22.09.22,0,0,0,0,0,0,0,1,,0,1,1
H,41,111134,b,12.01.04,01.02.12,9,0,2,0,6,1,0,1,,4,23,1,28.01.14,9,0,2,0,8,4,0,1,,3,27,2,26.09.18,0,0,0,0,0,0,0,1,,0,1,1
H,42,112145,a,16.07.04,31.10.12,12,0,0,0,6,4,0,0,,4,26,2,06.04.16,12,0,0,0,6,4,0,0,,4,26,2,18.10.22,0,0,0,0,0,0,0,0,,0,0,1
H,43,111146,a,01.09.04,24.02.12,12,2,2,0,6,3,0,1,,4,30,4,06.09.16,0,0,0,3,0,0,0,1,,0,4,3,16.12.20,12,4,2,0,6,0,0,1,,0,25,5
H,44,111147,a,21.09.04,07.05.12,12,0,0,0,6,4,0,0,,4,26,4,11.11.14,9,0,0,4,6,4,0,0,,4,27,2,31.10.18,0,0,0,0,6,0,0,0,,0,6,1
Å,1,11201,a,30.01.98,,12,0,2,1,4,0,0,0,,4,23,3,26.02.10,0,0,0,2,0,0,0,0,,0,2,1,,12,2,1,1,6,0,0,0,,0,22,3
Å,2,11102,b,14.02.98,,6,0,3,0,2,3,0,1,,4,19,2,,0,0,3,1,6,2,0,1,,0,13,2,,0,0,0,0,0,0,0,0,,0,0,1
Å,3,11203,a,20.03.98,,12,1,0,0,8,1,2,0,,4,28,4,,0,0,0,0,6,0,3,0,,3,12,2,,0,0,0,0,0,0,0,0,,0,0,1
Å,4,11204,b,12.06.98,,12,0,2,0,6,2,1,0,,4,27,2,16.06.10,0,0,0,1,6,1,2,0,,3,13,2,,0,0,0,0,0,2,0,0,,0,2,1
Å,5,11105,a,21.07.98,,12,0,0,2,6,1,0,1,,4,26,2,,0,0,0,2,0,0,0,1,,0,3,1,,0,0,0,2,6,1,0,1,,0,10,1
Å,6,11106,a,10.08.98,,9,0,0,0,6,1,2,1,,2,21,3,14.09.10,0,0,1,0,6,2,2,1,,2,14,1,,0,0,0,0,0,0,0,0,,0,0,1
Å,7,11207,a,14.10.98,,9,0,0,0,6,4,0,1,,3,23,2,,9,0,0,0,6,3,0,1,,1,20,2,,0,0,0,0,0,1,0,0,,0,1,1
Å,8,11208,b,13.12.98,,0,0,0,0,6,3,0,1,,4,14,2,,0,0,0,0,6,2,0,0,,4,12,1,,0,1,0,0,0,0,1,0,,0,2,1
Å,9,11210,a,25.01.99,,12,0,0,0,6,1,2,0,,4,25,3,,12,0,1,1,6,3,0,0,,4,27,3,04.02.15,0,0,0,0,2,1,0,0,,0,3,1
Å,10,11213,a,18.03.99,,9,0,1,0,6,3,0,1,,3,23,2,,12,1,1,0,6,4,0,0,,3,27,3,,9,2,1,0,8,0,0,0,,0,20,2
Å,11,11116,a,24.04.99,,9,0,1,0,8,3,0,1,,4,26,,,0,0,1,1,6,4,0,1,,4,17,1,,0,0,0,0,0,0,0,0,,0,0,1
Å,12,11217,a,10.05.99,,12,0,0,0,6,4,0,2,,2,26,4,12.05.11,9,0,1,0,6,0,3,2,,0,21,2,21.05.15,12,1,2,0,2,0,1,2,,0,20,3
Å,13,11219,b,30.05.99,,0,0,0,0,6,4,0,1,,4,15,2,,9,0,2,0,6,4,0,1,,0,22,2,,0,0,0,1,0,0,1,0,,0,2,1
Å,14,11220,b,28.06.99,,6,1,3,0,8,0,3,0,,4,25,3,22.06.11,12,1,3,4,8,0,4,0,,3,35,4,07.06.16,12,3,4,4,6,0,0,0,,3,32,4
Å,15,11221,b,03.07.99,,12,1,0,0,8,3,0,0,,4,28,4,12.04.11,0,0,0,1,4,4,0,0,,3,12,2,28.04.15,0,3,0,0,0,0,0,0,,0,3,1
Å,16,11122,a,08.07.99,,12,0,0,0,6,4,0,0,,4,26,3,16.08.11,12,0,0,0,6,4,0,0,,4,26,4,07.09.16,0,0,3,0,0,0,0,0,,0,3,1
Å,17,11223,a,14.07.99,,12,1,0,2,8,4,0,1,,4,32,4,,12,4,1,3,6,4,0,1,,4,35,4,,6,4,1,4,6,3,0,1,,0,25,3
Å,18,11224,a,04.08.99,,12,1,0,1,6,2,2,0,,4,28,4,25.08.11,0,0,0,2,6,4,3,0,,3,18,3,14.08.15,0,2,0,0,6,0,0,0,,0,8,2
Å,19,11125,a,21.09.99,,12,0,1,4,6,2,1,0,,4,30,4,22.09.11,0,0,0,4,6,2,2,0,,4,18,2,02.12.14,0,2,0,4,0,0,0,0,,0,6,2
Å,20,11226,b,26.11.99,,12,0,3,0,6,3,1,0,,4,29,3,,0,0,0,0,1,3,3,0,,4,11,2,17.11.15,0,0,0,0,1,0,0,0,,0,1,1
Å,21,11227,a,30.11.99,,9,0,0,0,6,3,0,1,,3,22,2,,,,,,,,,,,,0,,,6,0,3,0,6,2,0,0,,0,17,3
Å,22,11228,b,06.12.99,,9,0,0,0,1,3,0,1,,4,18,3,,0,1,0,1,6,2,0,1,,4,15,2,,0,0,1,0,0,0,0,0,,0,1,1
Å,23,11131,b,26.12.99,,12,0,2,0,6,2,0,1,,0,23,3,,0,0,0,0,0,3,2,0,,3,8,1,,0,0,0,0,0,0,1,0,,0,1,1
Å,25,11235,a,07.03.00,,0,0,0,0,0,3,3,1,,3,10,1,,0,0,0,1,0,3,3,1,,4,12,1,,0,0,0,0,0,0,0,0,,0,0,1
Å,26,11136,b,18.04.00,,3,0,1,0,6,1,2,1,,3,17,2,,0,0,0,0,6,1,3,1,,0,11,1,,0,0,0,0,0,0,0,0,,0,0,1
Å,27,11238,b,18.05.00,,9,0,0,0,6,3,0,1,,4,23,2,,9,0,0,0,0,3,0,1,,3,16,2,,0,0,0,0,0,0,0,0,,0,0,1
Å,28,11239,a,07.06.00,,12,0,0,0,6,3,0,1,,4,26,4,28.06.12,9,0,0,0,6,2,0,1,,4,22,3,31.05.16,6,0,1,2,2,0,0,0,,0,11,2
Å,29,11141,a,02.07.00,,12,0,0,0,8,4,0,0,,4,28,4,,6,0,1,4,8,3,0,0,,3,25,3,,0,0,0,0,0,2,0,0,,0,2,1
Å,30,11142,a,11.07.00,,9,0,0,0,6,3,0,1,,4,23,2,,0,0,0,0,6,1,0,0,,4,11,2,,0,0,0,0,4,0,0,0,,0,4,1
Å,31,11148,b,20.10.00,,12,0,2,0,6,4,0,1,,4,29,2,,9,0,0,0,8,4,0,1,,3,25,2,,0,0,0,1,6,2,0,0,,0,9,1
Å,32,11152,a,29.12.00,,12,0,1,0,6,3,0,0,,4,26,4,,0,0,0,0,6,2,2,2,,4,16,2,,0,0,0,0,2,1,0,0,,0,3,1
Å,33,11254,a,11.01.01,,12,0,1,0,6,3,0,1,,4,27,2,,0,0,0,0,6,2,3,1,,4,16,2,,0,0,0,0,0,0,1,0,,0,1,1
Å,34,11255,a,18.01.01,,12,0,2,0,2,3,2,0,,4,25,3,,9,0,0,1,6,4,2,0,,4,26,2,,0,0,0,0,0,0,0,0,,0,0,1
Å,35,11257,a,08.02.01,,12,3,0,0,8,4,0,1,,4,32,5,,12,0,2,0,6,3,0,0,,4,27,4,,0,0,0,0,6,0,0,0,,0,6,1
Å,36,11259,b,18.02.01,,12,0,2,0,6,3,0,1,,4,28,4,21.02.13,12,2,0,0,8,4,0,0,,3,29,4,09.01.15,3,1,2,1,0,2,0,0,,0,9,2
Å,37,11260,a,23.03.01,,12,0,0,0,8,4,0,1,,4,29,4,,0,0,0,0,0,0,3,0,,4,7,1,,0,0,0,0,0,0,0,0,,0,0,1
Å,38,11261,b,12.03.01,,12,0,2,0,6,2,2,1,,4,29,,,12,0,1,0,6,3,0,0,,4,26,2,,3,0,1,0,6,0,3,0,,0,13,2
Å,39,11263,b,16.03.01,,12,0,0,0,8,2,0,1,,4,27,3,19.03.13,3,0,2,0,6,3,0,1,,4,19,2,30.09.16,0,0,0,0,6,0,0,0,,0,6,1
Å,40,11264,a,07.04.01,,12,1,0,0,8,4,0,0,,4,29,5,,3,0,1,1,6,4,0,0,,4,19,3,,0,0,0,0,6,0,0,0,,0,6,1
Å,41,11265,a,19.04.01,,9,0,2,0,6,1,0,0,,4,22,2,,9,0,0,0,6,2,3,0,,3,23,2,,0,0,0,0,6,0,0,0,,0,6,1
Å,42,11166,b,11.05.01,,6,0,2,0,2,3,0,2,,4,19,1,,3,0,1,0,6,2,0,1,,0,13,1,,0,0,0,0,0,0,0,0,,0,0,1
Å,43,11267,a,18.05.01,,12,0,0,0,8,3,0,2,,4,29,3,,9,0,2,0,6,4,0,2,,4,27,2,,0,0,0,0,0,0,0,0,,0,0,1
Å,44,11269,b,30.05.01,,12,0,0,0,6,0,3,0,,4,25,3,,0,0,0,0,2,0,4,0,,3,9,1,,0,0,0,0,0,0,0,0,,0,0,1
Å,45,11175,a,08.07.01,,,,,,,,,,,,0,,,,,,,,,,,,,0,,,,,,,,,,,,,0,
Å,46,11177,b,19.07.01,,0,0,0,0,2,2,0,1,,4,9,1,,6,0,1,0,0,3,0,1,,3,14,1,,0,0,0,0,0,0,0,0,,0,0,1
Å,47,11176,b,19.07.01,,12,0,0,2,8,0,0,1,,4,27,4,,12,0,0,4,8,4,0,1,,4,33,4,,0,0,0,0,6,0,0,0,,0,6,1
Å,48,11178,b,13.08.01,,12,3,2,0,6,1,0,0,,4,28,4,20.08.13,6,0,2,0,6,1,0,1,,3,19,2,29.08.17,0,0,0,0,0,1,0,0,,0,1,1
Å,49,11279,b,18.09.01,08.10.09,12,0,2,0,6,3,0,1,,4,28,3,26.09.13,12,0,2,0,6,3,0,1,,4,28,2,12.09.17,0,0,0,0,0,0,0,0,,0,0,1
Å,50,11282,b,07.11.01,,12,0,0,0,6,2,0,1,,3,24,3,,9,0,2,0,6,0,2,1,,3,23,3,,6,0,1,0,6,0,0,0,,0,13,2
Å,51,11184,a,23.12.01,,12,0,1,0,6,4,0,0,,4,27,3,,0,0,0,0,2,3,0,0,,3,8,2,,0,0,0,0,0,0,0,0,,0,0,1
Å,52,11285,b,19.01.02,,12,0,2,0,6,3,0,1,,4,28,2,12.04.13,9,0,0,0,6,3,0,1,,4,23,3,,0,0,0,0,2,0,0,0,,0,2,1
Å,53,11286,b,22.01.02,14.01.10,12,0,3,0,6,3,0,2,,4,30,3,23.01.14,12,0,0,0,6,4,0,1,,4,27,3,01.02.18,0,0,0,0,2,0,0,0,,0,2,1
Å,54,11187,a,08.02.02,10.02.10,12,0,3,0,8,4,0,1,,4,32,3,09.02.12,12,0,2,4,8,4,0,1,,4,35,3,10.06.14,0,0,0,0,0,0,0,0,,0,0,1
Å,55,11189,b,01.03.02,,12,0,2,0,6,4,0,1,,4,29,4,,12,0,0,0,8,4,0,1,,1,26,4,,12,3,0,0,8,4,0,1,,3,31,5
Å,56,11290,a,16.04.02,06.04.10,9,0,2,0,6,4,0,0,,4,25,2,,0,0,0,0,6,4,2,0,,3,15,1,,0,3,0,0,6,3,0,0,,0,12,2
Å,57,11194,a,03.08.02,,12,1,0,0,6,4,0,1,,4,28,5,,0,0,0,0,6,3,0,1,,4,14,3,,0,0,0,0,0,1,0,0,,0,1,1
Å,58,11196,b,14.08.02,,0,0,0,0,6,4,0,0,,4,14,1,,0,0,0,0,0,3,0,0,,3,6,1,,0,0,0,0,0,0,0,0,,0,0,1
Å,59,11198,a,13.09.02,29.09.10,6,0,1,0,6,4,0,1,,4,22,2,16.09.14,9,0,0,0,6,4,0,1,,4,24,2,28.09.19,0,0,0,0,0,0,0,0,,0,0,1
Å,60,112101,b,21.10.02,28.10.10,9,0,0,0,6,1,1,1,,4,22,2,05.11.14,9,0,1,0,6,1,2,1,,3,23,2,,3,0,1,0,0,0,0,0,,0,4,2
Å,61,112104,b,23.11.02,13.04.11,12,0,2,0,6,2,0,0,,4,26,4,01.12.14,9,0,0,0,6,3,2,0,,4,24,2,28.11.18,12,4,0,0,2,4,2,0,,0,24,5
Å,62,111107,b,19.12.02,24.03.11,9,0,0,0,6,3,0,0,,4,22,2,,0,0,0,0,2,0,0,0,,0,2,1,13.12.18,3,0,3,0,2,0,0,0,,0,8,2
Å,63,112108,b,20.01.03,25.01.11,12,0,0,0,8,4,0,1,,4,29,3,20.01.15,0,0,0,1,8,0,3,0,,3,15,2,,0,0,0,0,6,0,0,0,,0,6,1
Å,64,111109,b,01.03.03,23.03.11,0,0,3,0,6,0,0,1,,4,14,2,,,,,,,,,,,,0,,01.04.19,6,2,1,0,6,1,3,1,,0,20,2
Å,65,112110,b,04.03.03,,9,0,2,4,6,1,0,1,,4,27,2,,12,2,1,0,8,3,0,1,,4,31,4,,12,2,0,0,8,4,0,1,,3,30,5
Å,66,112112,a,24.04.03,,9,0,2,0,6,0,0,1,,4,22,2,,9,0,1,0,6,3,0,1,,3,23,2,,9,0,0,0,8,0,0,0,,3,20,1
Å,67,112116,a,17.05.03,19.05.11,0,0,0,0,6,3,0,1,,4,14,1,01.04.19,12,0,2,0,0,4,0,1,,4,23,2,,,,,,,,,,,,0,
Å,68,112117,b,30.05.03,26.05.11,12,0,3,0,6,4,0,0,,4,29,3,28.05.15,12,0,0,0,8,4,0,0,,3,27,3,,6,0,1,0,6,2,0,0,,0,15,2
Å,69,112120,b,05.06.03,14.06.11,9,0,2,0,6,4,0,1,,4,26,2,11.10.18,12,3,0,0,6,4,0,1,,4,30,4,,,,,,,,,,,,0,
Å,71,112124,b,12.08.03,23.08.11,9,0,2,0,6,4,0,1,,4,26,2,,12,0,0,0,8,4,0,1,,4,29,3,14.06.19,0,0,0,0,8,1,0,0,,0,9,1
Å,72,112125,b,19.08.03,,12,0,2,0,6,2,0,0,,4,26,3,,12,0,0,0,6,0,3,0,,4,25,3,,0,0,0,0,2,0,0,0,,0,2,1
Å,73,112126,a,24.08.03,25.08.11,9,0,2,0,2,0,2,0,,3,18,4,,12,1,0,4,8,0,0,0,,4,29,4,,0,0,0,0,2,0,0,0,,0,2,2
Å,74,112130,a,24.11.03,,12,0,3,0,8,0,0,1,,4,28,3,,9,0,3,0,6,0,1,1,,3,23,2,,0,0,1,0,0,0,0,0,,0,1,1
Å,75,112133,b,18.12.03,13.12.11,12,0,0,0,8,4,0,1,,4,29,4,08.12.15,12,0,0,4,8,2,0,1,,4,31,4,,9,0,3,4,8,0,0,1,,0,25,3
Å,76,111136,a,28.02.04,,12,0,2,0,6,4,0,1,,4,29,3,23.02.16,12,0,1,0,6,4,0,1,,4,28,2,,0,0,0,3,6,0,0,0,,0,9,2
Å,77,112137,a,16.03.04,27.03.12,3,0,1,0,1,4,0,1,,4,14,2,,3,0,0,0,2,4,0,1,,4,14,1,13.08.20,0,0,2,0,0,0,0,0,,0,2,1
Å,78,112138,a,18.03.04,,12,0,1,3,8,4,0,0,,4,32,4,29.03.16,12,4,0,4,8,4,0,0,,0,32,5,02.06.20,12,4,2,4,8,4,0,0,,3,37,5
Å,79,112139,b,07.04.04,12.04.12,12,0,3,1,6,4,0,1,,4,31,2,12.04.16,9,0,0,0,6,3,0,1,,0,19,2,05.03.19,0,0,0,0,2,1,0,0,,,3,1
Å,80,112140,a,04.05.04,10.05.12,9,0,1,0,6,0,3,0,,4,23,2,10.05.16,9,0,0,0,6,0,3,0,,3,21,2,01.05.20,0,0,1,0,2,0,0,0,,0,3,1
Å,81,112141,a,05.05.04,,9,0,4,0,0,4,0,0,,4,21,2,12.05.16,12,0,3,4,6,4,0,0,,3,32,4,25.10.19,0,0,2,0,2,0,0,0,,0,4,3
Å,82,112142,b,10.05.04,,12,0,0,0,6,3,0,0,,4,25,3,11.11.16,9,0,0,0,6,4,0,0,,4,23,2,,3,0,3,0,6,0,0,0,,0,12,2
Å,83,112143,b,13.07.04,,12,0,1,0,6,4,0,0,,4,27,3,,,,,,,,,,,,0,,08.09.20,9,1,1,0,0,1,0,0,,3,15,2
Å,84,112144,b,16.07.04,,9,1,0,0,6,3,0,0,,4,23,2,,12,3,2,3,6,3,0,1,,4,34,3,29.09.20,0,0,0,0,6,0,0,0,,0,6,2