Center,Kassenr,ScandcleftID,,Født,Materialedato A,Anteroposterior 1,Anteroposterior 2,Vertical 1,Vertical 2,Transverse,Crowding ,Spacing,"Tooth shape/size
",Pan 1,"Pan 2
",Total Row Score A,Goslon Score A,Materialedato B,Anteroposterior 1,Anteroposterior,Vertical 1,Vertical 2,Transverse,Crowding ,Spacing,"Tooth shape/size
",Pan 1,"Pan 2
",Total Row Score B,Goslon Score B,Materialedato C,Anteroposterior 1,Anteroposterior 2,Vertical 1,Vertical 2,Transverse,Crowding ,Spacing,"Tooth shape/size
",Pan 1,"Pan 2
",Total Row Score C,Goslon Score C,Anterior cleft width 1,c-c'-Width of the cleft at the level of C-C' 1,m-m' width of the cleft at the level of M-M' 1,t-t'-Width of the cleft at the level of T-T' 1,Arch lenght: I/T-T' plane 1,Total arch perimeter 1,Total maxillary surface,Cleft surface,Cleft surface/Total max
Å,2,11102,b,14.02.98,,6,0,3,0,2,3,0,1,,4,19,2,,0,0,3,1,6,2,0,1,,0,13,2,,0,0,0,0,0,0,0,0,,0,0,1,4.59,1,6.48,9.13,24.09,68.39,1004.00,197.00,0.20
Å,5,11105,a,21.07.98,,12,0,0,2,6,1,0,1,,4,26,2,,0,0,0,2,0,0,0,1,,0,3,1,,0,0,0,2,6,1,0,1,,0,10,1,14.99,14.15,10.29,8.99,27.63,69.81,1672.00,529.00,0.32
Å,6,11106,a,10.08.98,,9,0,0,0,6,1,2,1,,2,21,3,,0,0,1,0,6,2,2,1,,2,14,1,,0,0,0,0,0,0,0,0,,0,0,1,2.07,0.47,9.84,8.81,25.4,74.99,1205.00,385.00,0.32
H,3,11112,b,12.03.99,24.02.07,9,0,0,0,6,1,1,1,,3,21,2,11.03.09,9,0,2,4,6,0,0,1,,3,25,2,28.02.18,0,0,2,0,6,0,0,0,,0,8,1,15.37,14.82,14.63,11.52,27.56,74.01,1678,561,0.33
Å,11,11116,a,24.04.99,,9,0,1,0,8,3,0,1,,4,26,,,0,0,1,1,6,4,0,1,,4,17,1,,0,0,0,0,0,0,0,0,,0,0,1,9.38,8.89,9.32,9.55,26.95,68.32,1235.00,428.00,0.34
Å,16,11122,a,08.07.99,,12,0,0,0,6,4,0,0,,4,26,3,,12,0,0,0,6,4,0,0,,4,26,4,,0,0,3,0,0,0,0,0,,0,3,1,5.73,5.8,10.91,11.15,21.51,60.60,951.00,277.00,0.29
Å,19,11125,a,21.09.99,,12,0,1,4,6,2,1,0,,4,30,4,,0,0,0,4,6,2,2,0,,4,18,2,,0,2,0,4,0,0,0,0,,0,6,2,10.4,12.1,13.67,13.12,24.07,64.84,1275.00,551.00,0.43
Å,23,11131,b,26.12.99,,12,0,2,0,6,2,0,1,,0,23,3,,0,0,0,0,0,3,2,0,,3,8,1,,0,0,0,0,0,0,1,0,,0,1,1,7.67,11.26,14.06,15.95,26.17,75.84,1649.00,659.00,0.40
H,7,11134,b,23.01.00,16.01.08,12,1,0,0,6,4,0,1,,4,28,4,09.05.12,12,1,0,3,8,4,0,1,,4,33,5,09.12.15,12,4,0,0,6,3,0,1,,3,29,5,,,,,,,,,
Å,26,11136,b,18.04.00,,3,0,1,0,6,1,2,1,,3,17,2,,0,0,0,0,6,1,3,1,,0,11,1,,0,0,0,0,0,0,0,0,,0,0,1,5.35,8.85,10.56,11.97,24.04,64.97,1126.00,346.00,0.31
Å,29,11141,a,02.07.00,,12,0,0,0,8,4,0,0,,4,28,4,,6,0,1,4,8,3,0,0,,3,25,3,,0,0,0,0,0,2,0,0,,0,2,1,11.79,12.94,17.52,15.63,28.11,72.54,1496.00,639.00,0.43
Å,30,11142,a,11.07.00,,9,0,0,0,6,3,0,1,,4,23,2,,0,0,0,0,6,1,0,0,,4,11,2,,0,0,0,0,4,0,0,0,,0,4,1,11.05,10.99,13.43,11.94,30.55,78.45,1399.00,480.00,0.34
H,10,11143,a,30.07.00,18.06.08,12,0,1,0,8,4,0,1,,4,30,3,17.06.10,0,0,3,4,6,4,0,1,,4,22,2,26.09.18,0,0,3,0,6,0,0,0,,0,9,2,1.66,1.04,10.14,11.34,22.61,69.25,971,225,0.23
Å,31,11148,b,20.10.00,,12,0,2,0,6,4,0,1,,4,29,2,,9,0,0,0,8,4,0,1,,3,25,2,,0,0,0,1,6,2,0,0,,0,9,1,8.92,12.18,13.01,16.08,19.61,64.36,1092.00,354.00,0.32
Å,32,11152,a,29.12.00,,12,0,1,0,6,3,0,0,,4,26,4,,0,0,0,0,6,2,2,2,,4,16,2,,0,0,0,0,2,1,0,0,,0,3,1,13.73,12.92,13.17,14.9,21.9,56.59,1058.00,442.00,0.42
H,16,11156,b,23.01.01,28.01.09,12,0,2,0,8,3,0,1,,4,30,3,19.06.13,9,0,2,3,6,3,0,1,,3,27,3,22.01.18,0,0,3,0,6,0,0,1,,0,10,2,8.52,10.06,11.7,11.32,23.59,65.52,1430,590,0.41
Å,42,11166,b,11.05.01,,6,0,2,0,2,3,0,2,,4,19,1,,3,0,1,0,6,2,0,1,,0,13,1,,0,0,0,0,0,0,0,0,,0,0,1,11.62,13.35,14.29,13.6,22.57,66.52,1318.00,504.00,0.38
H,18,11172,a,15.06.01,10.06.09,12,1,0,0,6,4,0,0,,4,27,3,05.02.14,12,1,0,0,8,4,0,0,,4,29,5,18.04.18,12,4,0,0,8,3,0,0,,0,27,5,12.21,12.34,12.46,8.65,28.43,69.99,1477,377,0.26
Å,45,11175,a,08.07.01,,,,,,,,,,,,0,,,,,,,,,,,,,0,,,,,,,,,,,,,0,,,,,,,,,,
Å,47,11176,b,19.07.01,,12,0,0,2,8,0,0,1,,4,27,4,,12,0,0,4,8,4,0,1,,4,33,4,,0,0,0,0,6,0,0,0,,0,6,1,4.49,3.95,9.86,10.57,25.4,73.57,1265.00,341.00,0.27
Å,46,11177,b,19.07.01,,0,0,0,0,2,2,0,1,,4,9,1,,6,0,1,0,0,3,0,1,,3,14,1,,0,0,0,0,0,0,0,0,,0,0,1,,,,,,,,,
Å,48,11178,b,13.08.01,,12,3,2,0,6,1,0,0,,4,28,4,,6,0,2,0,6,1,0,1,,3,19,2,,0,0,0,0,0,1,0,0,,0,1,1,12.33,11.71,12.11,13.45,25.86,63.61,1208.00,427.00,0.35
H,23,11183,b,14.11.01,11.11.09,12,0,0,0,6,4,0,0,,4,26,3,13.11.13,12,0,1,0,6,4,0,0,,4,27,3,24.04.17,12,1,1,0,6,4,0,0,,0,24,3,11.5,11.96,13.37,17.87,24.37,60.34,991,383,0.39
Å,51,11184,a,23.12.01,,12,0,1,0,6,4,0,0,,4,27,3,,0,0,0,0,2,3,0,0,,3,8,2,,0,0,0,0,0,0,0,0,,0,0,1,8.49,6.67,7.31,10.14,21.58,61.25,1113.00,267.00,0.24
Å,54,11187,a,08.02.02,,12,0,3,0,8,4,0,1,,4,32,3,,12,0,2,4,8,4,0,1,,4,35,3,,0,0,0,0,0,0,0,0,,0,0,1,12.25,13.43,14.47,15.28,23.43,58.54,1038.00,409.00,0.39
Å,55,11189,b,01.03.02,,12,0,2,0,6,4,0,1,,4,29,4,,12,0,0,0,8,4,0,1,,1,26,4,,12,3,0,0,8,4,0,1,,3,31,5,6.81,6.29,11.37,11.23,25.82,70.59,1209.00,351.00,0.29
H,27,11192,a,11.06.02,25.05.10,0,0,0,0,6,0,0,0,,4,10,2,03.03.15,0,0,0,0,6,0,4,0,,0,10,2,14.09.17,0,0,0,0,2,0,0,0,,0,2,1,12.66,11.53,12,8.13,26.21,74.84,1509,380,0.25
H,28,11193,a,28.07.02,02.06.10,12,0,0,0,6,4,0,0,,4,26,3,29.09.14,0,0,0,3,2,3,0,0,,3,11,2,13.12.17,0,0,0,0,2,0,0,0,,0,2,1,7.58,6.74,9.49,9.21,26.17,69.91,1213,259,0.21
Å,57,11194,a,03.08.02,,12,1,0,0,6,4,0,1,,4,28,5,,0,0,0,0,6,3,0,1,,4,14,3,,0,0,0,0,0,1,0,0,,0,1,1,2.08,0.44,7.77,11.07,22.49,67.54,919.00,190.00,0.21
Å,58,11196,b,14.08.02,,0,0,0,0,6,4,0,0,,4,14,1,,0,0,0,0,0,3,0,0,,3,6,1,,0,0,0,0,0,0,0,0,,0,0,1,14.84,8.32,5.43,7.37,23.65,61.70,1089.00,184.00,0.17
Å,59,11198,a,13.09.02,,6,0,1,0,6,4,0,1,,4,22,2,,9,0,0,0,6,4,0,1,,4,24,2,,0,0,0,0,0,0,0,0,,0,0,1,10.34,12.53,15.94,15.39,25.36,68.38,1275.00,508.00,0.40
Å,1,11201,a,30.01.98,,12,0,2,1,4,0,0,0,,4,23,3,,0,0,0,2,0,0,0,0,,0,2,1,,12,2,1,1,6,0,0,0,,0,22,3,5.04,3.17,13.23,12.19,24.39,67.17,1161,376,0.32
Å,3,11203,a,20.03.98,,12,1,0,0,8,1,2,0,,4,28,4,,0,0,0,0,6,0,3,0,,3,12,2,,0,0,0,0,0,0,0,0,,0,0,1,16.08,14.45,16.14,13.94,25.66,64.01,1387.00,644.00,0.47
Å,4,11204,b,12.06.98,,12,0,2,0,6,2,1,0,,4,27,2,,0,0,0,1,6,1,2,0,,3,13,2,,0,0,0,0,0,2,0,0,,0,2,1,11.25,11.17,12.03,14.47,23.6,64.45,1166.00,427.00,0.37
Å,7,11207,a,14.10.98,,9,0,0,0,6,4,0,1,,3,23,2,,9,0,0,0,6,3,0,1,,1,20,2,,0,0,0,0,0,1,0,0,,0,1,1,10.04,10.69,6.77,8.78,23.49,70.76,1270.00,266.00,0.21
Å,8,11208,b,13.12.98,,0,0,0,0,6,3,0,1,,4,14,2,,0,0,0,0,6,2,0,0,,4,12,1,,0,1,0,0,0,0,1,0,,0,2,1,11.76,12.12,13.19,12.72,25.02,66.64,1103.00,360.00,0.33
H,1,11209,b,05.11.98,00.01.00,,,,,,,,,,,0,,00.01.00,,,,,,,,,,,0,,00.01.00,,,,,,,,,,,0,,,,,,,,,,
Å,9,11210,a,25.01.99,,12,0,0,0,6,1,2,0,,4,25,3,,12,0,1,1,6,3,0,0,,4,27,3,,0,0,0,0,2,1,0,0,,0,3,1,13.54,12.66,12.65,12.66,25.74,65.03,1479.00,459.00,0.31
Å,10,11213,a,18.03.99,,9,0,1,0,6,3,0,1,,3,23,2,,12,1,1,0,6,4,0,0,,3,27,3,,9,2,1,0,8,0,0,0,,0,20,2,8.14,9.96,12.11,13.64,26.6,71.00,1383.00,471.00,0.34
H,2,11214,b,26.03.99,06.06.07,9,0,0,0,6,0,4,0,,4,23,2,14.04.09,0,0,0,0,6,0,4,0,,3,13,2,08.03.16,0,0,0,0,0,0,0,0,,0,0,1,8.32,0.99,5.28,9.09,27.02,73.07,1152,146,0.12
H,4,11215,b,23.04.99,22.05.07,0,0,0,0,2,3,1,0,,4,10,1,20.02.13,0,0,0,0,6,1,3,0,,0,10,2,01.02.16,0,3,0,0,6,0,0,0,,0,9,1,,,,,,,,,
Å,12,11217,a,10.05.99,,12,0,0,0,6,4,0,2,,2,26,4,,9,0,1,0,6,0,3,2,,0,21,2,,12,1,2,0,2,0,1,2,,0,20,3,7.63,9.74,12.59,12.92,24.09,70.51,1173.00,373.00,0.32
H,6,11218,b,06.01.99,06.06.07,0,0,0,0,6,0,0,0,,4,10,2,14.05.13,0,0,0,0,2,0,4,0,,3,9,1,19.04.22,6,0,3,0,2,0,2,0,,0,13,2,9.48,8.55,9.16,11.06,31.15,85.45,1617,300,0.18
Å,13,11219,b,30.05.99,,0,0,0,0,6,4,0,1,,4,15,2,,9,0,2,0,6,4,0,1,,0,22,2,,0,0,0,1,0,0,1,0,,0,2,1,3.12,1.54,10.77,11.63,28.27,80.76,1638.00,544.00,0.33
Å,14,11220,b,28.06.99,,6,1,3,0,8,0,3,0,,4,25,3,,12,1,3,4,8,0,4,0,,3,35,4,,12,3,4,4,6,0,0,0,,3,32,4,7.92,11.65,13.35,12.57,28.97,81.87,1526.00,474.00,0.31
Å,15,11221,b,03.07.99,,12,1,0,0,8,3,0,0,,4,28,4,,0,0,0,1,4,4,0,0,,3,12,2,,0,3,0,0,0,0,0,0,,0,3,1,9.33,12.41,16.17,15.81,25.62,73.87,1499.00,601.00,0.40
Å,17,11223,a,14.07.99,,12,1,0,2,8,4,0,1,,4,32,4,,12,4,1,3,6,4,0,1,,4,35,4,,6,4,1,4,6,3,0,1,,0,25,3,14.04,14.32,15.43,14.28,23.32,65.80,1372.00,625.00,0.46
Å,18,11224,a,04.08.99,,12,1,0,1,6,2,2,0,,4,28,4,,0,0,0,2,6,4,3,0,,3,18,3,,0,2,0,0,6,0,0,0,,0,8,2,16.78,16.03,15.24,16.78,28.1,66.14,1511.00,641.00,0.42
Å,20,11226,b,26.11.99,,12,0,3,0,6,3,1,0,,4,29,3,,0,0,0,0,1,3,3,0,,4,11,2,,0,0,0,0,1,0,0,0,,0,1,1,12.42,13,13.07,14.65,24.94,64.91,1432.00,621.00,0.43
Å,21,11227,a,30.11.99,,9,0,0,0,6,3,0,1,,3,22,2,,,,,,,,,,,,0,,,6,0,3,0,6,2,0,0,,0,17,3,10.36,10.09,9.06,8.5,26.87,68.24,1246.00,362.00,0.29
Å,22,11228,b,06.12.99,,9,0,0,0,1,3,0,1,,4,18,3,,0,1,0,1,6,2,0,1,,4,15,2,,0,0,1,0,0,0,0,0,,0,1,1,13.28,13.62,16.04,12.55,26.65,67.97,1522.00,578.00,0.38
H,5,11229,a,22.11.99,14.11.07,9,0,1,0,6,4,0,1,,4,25,2,18.01.12,9,0,2,0,6,4,0,1,,4,26,2,25.04.18,0,1,0,0,6,1,0,1,,0,9,1,,,,,,,,,
H,9,11232,b,05.11.99,21.11.07,0,0,0,0,6,2,2,1,,4,15,1,14.11.12,9,0,0,0,6,3,0,1,,4,23,1,07.06.17,0,0,3,0,0,0,0,0,,0,3,1,17.3,15.91,17.12,14.7,28.7,70.5,1743,632,0.36
Å,25,11235,a,07.03.00,,0,0,0,0,0,3,3,1,,3,10,1,,0,0,0,1,0,3,3,1,,4,12,1,,0,0,0,0,0,0,0,0,,0,0,1,9.93,11.41,5.85,5.25,26.28,68.56,1336.00,273.00,0.20
H,8,11237,b,26.04.00,04.06.08,12,0,2,4,0,3,0,1,,4,26,2,01.05.12,12,0,3,0,6,0,0,1,,4,26,3,29.11.17,0,0,1,0,6,0,2,0,,0,9,1,12.34,13.59,14.29,13.57,28.75,77.64,1663,574,0.34
Å,27,11238,b,18.05.00,,9,0,0,0,6,3,0,1,,4,23,2,,9,0,0,0,0,3,0,1,,3,16,2,,0,0,0,0,0,0,0,0,,0,0,1,4.36,2.92,7.85,6.05,25.27,72.36,1325.00,234.00,0.18
Å,28,11239,a,07.06.00,,12,0,0,0,6,3,0,1,,4,26,4,,9,0,0,0,6,2,0,1,,4,22,3,,6,0,1,2,2,0,0,0,,0,11,2,11.68,13.73,12.4,13.14,22.65,57.45,1184.00,555.00,0.47
H,12,11249,b,22.11.00,26.11.08,12,0,0,0,6,3,0,2,,4,27,2,21.11.12,0,0,0,0,6,1,3,2,,4,16,1,04.04.18,0,0,0,0,0,0,2,0,,0,2,1,9.14,11.81,11.44,11.63,31.88,88.62,1790,415,0.23
H,14,11250,a,30.11.00,19.11.08,12,0,0,1,8,4,0,0,,4,29,3,16.01.13,12,4,2,3,8,4,0,0,,1,34,5,02.11.16,12,4,0,0,8,0,0,0,,0,24,5,12.76,10.39,8.68,9.85,24.81,65.45,1206,283,0.23
H,13,11251,a,30.11.00,12.11.08,12,0,0,0,6,4,0,1,,4,27,3,25.09.13,12,0,0,0,8,4,0,0,,3,27,5,21.09.16,12,4,0,0,8,0,0,0,,0,24,5,14.96,12.63,13.46,13.81,25.61,68.46,1478,517,0.35
H,15,11253,a,09.01.01,07.01.09,12,0,0,0,8,4,0,1,,4,29,3,13.03.13,9,0,0,0,8,4,0,1,,3,25,2,20.06.16,3,0,0,0,0,0,0,0,,0,3,1,,,,,,,,,
Å,33,11254,a,11.01.01,,12,0,1,0,6,3,0,1,,4,27,2,,0,0,0,0,6,2,3,1,,4,16,2,,0,0,0,0,0,0,1,0,,0,1,1,14.72,11.83,7.14,6.26,26.79,67.58,1441.00,300.00,0.21
Å,34,11255,a,18.01.01,,12,0,2,0,2,3,2,0,,4,25,3,,9,0,0,1,6,4,2,0,,4,26,2,,0,0,0,0,0,0,0,0,,0,0,1,14.12,15.28,16.08,15.06,27.01,67.93,1460.00,635.00,0.43
Å,35,11257,a,08.02.01,,12,3,0,0,8,4,0,1,,4,32,5,,12,0,2,0,6,3,0,0,,4,27,4,,0,0,0,0,6,0,0,0,,0,6,1,6.3,10.3,13.11,13.58,25.73,73.46,1481.00,512.00,0.36
Å,36,11259,b,18.02.01,,12,0,2,0,6,3,0,1,,4,28,4,,12,2,0,0,8,4,0,0,,3,29,4,,3,1,2,1,0,2,0,0,,0,9,2,6.69,11.76,13.98,13.96,27.99,82.54,1586.00,489.00,0.31
Å,37,11260,a,23.03.01,,12,0,0,0,8,4,0,1,,4,29,4,,0,0,0,0,0,0,3,0,,4,7,1,,0,0,0,0,0,0,0,0,,0,0,1,3.45,3.56,13.98,13.48,24.28,70.31,1403.00,525.00,0.37
Å,38,11261,b,12.03.01,,12,0,2,0,6,2,2,1,,4,29,,,12,0,1,0,6,3,0,0,,4,26,2,,3,0,1,0,6,0,3,0,,0,13,2,11.1,14.66,14.15,12.39,21.97,60.85,1244.00,544.00,0.44
Å,39,11263,b,16.03.01,,12,0,0,0,8,2,0,1,,4,27,3,,3,0,2,0,6,3,0,1,,4,19,2,,0,0,0,0,6,0,0,0,,0,6,1,14.17,12.08,13.6,13.25,27.21,67.58,1511.00,497.00,0.33
Å,40,11264,a,07.04.01,,12,1,0,0,8,4,0,0,,4,29,5,,3,0,1,1,6,4,0,0,,4,19,3,,0,0,0,0,6,0,0,0,,0,6,1,13.54,14.24,14.9,16.42,27.15,67.27,1346.00,561.00,0.42
Å,41,11265,a,19.04.01,,9,0,2,0,6,1,0,0,,4,22,2,,9,0,0,0,6,2,3,0,,3,23,2,,0,0,0,0,6,0,0,0,,0,6,1,8.99,9.74,11.48,13.45,23.59,64.25,1092.00,366.00,0.33
Å,43,11267,a,18.05.01,,12,0,0,0,8,3,0,2,,4,29,3,,9,0,2,0,6,4,0,2,,4,27,2,,0,0,0,0,0,0,0,0,,0,0,1,9.99,11.52,10.85,15.94,20.45,59.76,980.00,331.00,0.34
H,17,11268,a,22.05.01,18.08.09,9,0,0,0,6,4,0,0,,4,23,2,10.06.13,0,0,0,0,6,4,0,0,,4,14,2,28.06.17,0,0,0,0,0,1,0,0,,0,1,1,,,,,,,,,
Å,44,11269,b,30.05.01,,12,0,0,0,6,0,3,0,,4,25,3,,0,0,0,0,2,0,4,0,,3,9,1,,0,0,0,0,0,0,0,0,,0,0,1,16.19,14.51,14.94,13.97,25.21,56.67,1130.00,455.00,0.40
H,19,11271,b,13.06.01,24.06.09,12,0,2,0,8,4,0,0,,4,30,5,24.09.13,12,4,0,4,8,4,0,0,,3,35,5,08.02.19,12,2,4,4,8,3,4,0,,0,37,5,,,,,,,,,
H,21,11273,a,18.06.01,18.03.09,12,0,0,0,8,4,0,0,,4,28,3,08.06.11,9,0,0,3,6,4,0,0,,3,25,2,21.08.19,12,0,3,0,6,2,0,0,,0,23,3,3.24,6.7,13.11,14.54,23.13,67.77,1088,309,0.28
H,20,11274,b,21.06.01,24.06.09,9,0,3,0,6,0,4,0,,4,26,3,18.06.14,9,0,2,3,8,0,4,0,,3,29,4,16.09.18,12,4,2,0,8,4,0,0,,0,30,4,12.22,9.99,16.23,13.33,24.82,70.42,1256,363,0.29
Å,49,11279,b,18.09.01,,12,0,2,0,6,3,0,1,,4,28,3,,12,0,2,0,6,3,0,1,,4,28,2,,0,0,0,0,0,0,0,0,,0,0,1,13.67,12.65,13.32,14.74,25.52,67.42,1297.00,494.00,0.38
H,22,11280,b,19.10.01,21.10.09,12,1,3,0,8,4,0,1,,4,33,4,27.11.13,12,4,0,3,8,3,0,1,,4,35,5,03.10.18,3,1,3,3,6,0,0,1,,0,17,2,13.07,11.13,11.87,19.07,26.7,70.35,1370,419,0.31
H,24,11281,a,23.10.01,29.10.09,12,0,0,0,8,4,0,0,,4,28,3,11.03.14,0,0,3,4,6,0,0,0,,4,17,3,25.06.18,0,0,2,0,0,0,0,0,,0,2,1,,,,,,,,,
Å,50,11282,b,07.11.01,,12,0,0,0,6,2,0,1,,3,24,3,,9,0,2,0,6,0,2,1,,3,23,3,,6,0,1,0,6,0,0,0,,0,13,2,14.97,15.08,13.8,11.97,24.38,61.68,1208.00,511.00,0.42
Å,52,11285,b,19.01.02,,12,0,2,0,6,3,0,1,,4,28,2,,9,0,0,0,6,3,0,1,,4,23,3,,0,0,0,0,2,0,0,0,,0,2,1,12.99,15.05,14.66,13.68,23.25,61.35,1277.00,599.00,0.47
Å,53,11286,b,22.01.02,,12,0,3,0,6,3,0,2,,4,30,3,,12,0,0,0,6,4,0,1,,4,27,3,,0,0,0,0,2,0,0,0,,0,2,1,11.6,10.5,11.07,10.75,27.13,72.25,1245.00,368.00,0.30
H,25,11288,a,04.02.02,10.02.10,9,0,2,0,6,,0,1,,4,22,2,12.08.14,9,0,0,3,6,1,0,1,,3,23,2,13.10.18,0,0,0,0,4,1,0,0,,0,5,1,12.22,11.41,9.36,9.65,26.95,73.83,1516,352,0.23
Å,56,11290,a,16.04.02,,9,0,2,0,6,4,0,0,,4,25,2,,0,0,0,0,6,4,2,0,,3,15,1,,0,3,0,0,6,3,0,0,,0,12,2,12.71,13.68,13.29,14.06,24.3,64.08,1214.00,445.00,0.37
H,26,11291,a,22.04.02,13.04.10,12,0,4,0,8,4,0,0,,4,32,3,13.08.14,0,0,0,0,6,1,3,0,,3,13,2,26.09.18,0,0,1,0,6,1,0,0,,0,8,1,8.29,10.79,12.88,12.16,27.3,75.24,1454,344,0.24
Å,62,111107,b,19.12.02,,9,0,0,0,6,3,0,0,,4,22,2,,0,0,0,0,2,0,0,0,,0,2,1,,3,0,3,0,2,0,0,0,,0,8,2,1.34,4.94,13.32,14.35,26.43,75.43,1386.00,462.00,0.33
Å,64,111109,b,01.03.03,,0,0,3,0,6,0,0,1,,4,14,2,,,,,,,,,,,,0,,,6,2,1,0,6,1,3,1,,0,20,2,15.18,14.42,15.38,14.2,25.53,65.55,1366.00,557.00,0.41
H,35,111115,b,08.05.03,08.06.11,12,0,2,0,8,4,0,0,,4,30,2,11.03.15,9,0,2,2,6,0,0,0,,4,23,2,25.04.18,3,0,1,0,0,0,0,0,,0,4,1,3.04,1.34,9.06,10.41,23.62,68.82,1020,154,0.15
H,41,111134,b,12.01.04,01.02.12,9,0,2,0,6,1,0,1,,4,23,1,28.01.14,9,0,2,0,8,4,0,1,,3,27,2,26.09.18,0,0,0,0,0,0,0,1,,0,1,1,14.71,12.95,13.2,11.72,27.66,73.28,1489,474,0.32
Å,76,111136,a,28.02.04,,12,0,2,0,6,4,0,1,,4,29,3,,12,0,1,0,6,4,0,1,,4,28,2,,0,0,0,3,6,0,0,0,,0,9,2,15.53,15.24,13,10.25,23.29,59.46,1157.00,445.00,0.38
H,43,111146,a,01.09.04,24.02.12,12,2,2,0,6,3,0,1,,4,30,4,06.09.16,0,0,0,3,0,0,0,1,,0,4,3,16.12.20,12,4,2,0,6,0,0,1,,0,25,5,11.05,13.55,13.21,14.84,28.22,78.51,1733,596,0.34
H,44,111147,a,21.09.04,07.05.12,12,0,0,0,6,4,0,0,,4,26,4,11.11.14,9,0,0,4,6,4,0,0,,4,27,2,31.10.18,0,0,0,0,6,0,0,0,,0,6,1,9.84,10.62,10.79,8.53,26.08,69.29,1346,413,0.31
Å,60,112101,b,21.10.02,,9,0,0,0,6,1,1,1,,4,22,2,,9,0,1,0,6,1,2,1,,3,23,2,,3,0,1,0,0,0,0,0,,0,4,2,12.54,14.46,15.51,13.47,21.36,61.29,1200.00,486.00,0.40
H,31,112103,b,10.11.02,19.01.11,9,0,1,0,6,2,0,0,,4,22,2,30.01.13,9,0,1,4,6,4,0,0,,3,27,2,07.09.16,6,0,2,0,0,0,0,0,,0,8,2,4.29,6.8,8.54,8.89,27.55,74.9,1250,240,0.19
Å,61,112104,b,23.11.02,,12,0,2,0,6,2,0,0,,4,26,4,,9,0,0,0,6,3,2,0,,4,24,2,,12,4,0,0,2,4,2,0,,0,24,5,11.83,11.77,14.9,14.33,26.34,72.21,1393.00,467.00,0.33
H,32,112106,a,21.12.02,29.03.11,12,0,0,0,6,3,0,0,,4,25,,06.02.15,9,0,0,0,8,4,0,0,,3,24,,21.12.02,12,4,3,4,6,2,0,0,,0,31,4,3.96,6.08,8.32,9.61,25.9,74.02,1293,241,0.19
Å,63,112108,b,20.01.03,,12,0,0,0,8,4,0,1,,4,29,3,,0,0,0,1,8,0,3,0,,3,15,2,,0,0,0,0,6,0,0,0,,0,6,1,16.02,17.75,17.81,14.78,22.74,65.84,1474.00,666.00,0.45
Å,65,112110,b,04.03.03,,9,0,2,4,6,1,0,1,,4,27,2,,12,2,1,0,8,3,0,1,,4,31,4,,12,2,0,0,8,4,0,1,,3,30,5,12.44,12.62,13.46,14.28,21.8,61.11,1172.00,457.00,0.39
H,33,112111,a,18.04.03,27.04.11,9,0,1,2,6,2,2,1,,4,27,3,03.06.15,9,0,1,2,6,2,2,1,,4,27,2,02.10.19,9,0,0,0,8,2,0,1,,0,20,2,,,,,,,,,
Å,66,112112,a,24.04.03,,9,0,2,0,6,0,0,1,,4,22,2,,9,0,1,0,6,3,0,1,,3,23,2,,9,0,0,0,8,0,0,0,,3,20,1,8.56,8.5,6.28,6.65,22.03,65.38,1224.00,274.00,0.22
H,34,112114,a,28.04.03,27.04.11,12,0,2,4,8,4,0,0,,4,34,5,25.03.15,12,4,0,3,8,2,0,0,,1,30,5,26.09.18,12,4,0,4,8,2,0,0,,0,30,5,,,,,,,,,
Å,67,112116,a,17.05.03,,0,0,0,0,6,3,0,1,,4,14,1,,12,0,2,0,0,4,0,1,,4,23,2,,,,,,,,,,,,0,,11.46,12.87,16.58,16.39,26.06,68.99,1281.00,463.00,0.36
Å,68,112117,b,30.05.03,,12,0,3,0,6,4,0,0,,4,29,3,,12,0,0,0,8,4,0,0,,3,27,3,,6,0,1,0,6,2,0,0,,0,15,2,11.22,11.17,14.37,14.07,22.96,62.60,1045.00,394.00,0.38
Å,69,112120,b,05.06.03,,9,0,2,0,6,4,0,1,,4,26,2,,12,3,0,0,6,4,0,1,,4,30,4,,,,,,,,,,,,0,,6.31,6.58,13.32,10.11,23.47,68.22,1193.00,343.00,0.28
H,36,112121,b,26.06.03,07.09.11,12,0,0,0,8,3,0,0,,4,27,4,18.08.15,0,0,0,0,6,0,0,0,,3,9,2,03.03.21,0,0,2,0,2,0,0,0,,0,4,1,10.56,11.48,11.17,12.02,29.64,79.98,1465,418,0.28
Å,71,112124,b,12.08.03,,9,0,2,0,6,4,0,1,,4,26,2,,12,0,0,0,8,4,0,1,,4,29,3,,0,0,0,0,8,1,0,0,,0,9,1,7.81,9.86,10.21,11.88,23.64,66.25,1164.00,454.00,0.39
Å,72,112125,b,19.08.03,,12,0,2,0,6,2,0,0,,4,26,3,,12,0,0,0,6,0,3,0,,4,25,3,,0,0,0,0,2,0,0,0,,0,2,1,9.88,6.44,11.63,15.35,25.02,60.79,1038.00,351.00,0.34
Å,73,112126,a,24.08.03,,9,0,2,0,2,0,2,0,,3,18,4,,12,1,0,4,8,0,0,0,,4,29,4,,0,0,0,0,2,0,0,0,,0,2,2,12.91,13.82,19.71,17.39,27.69,74.85,1477.00,554.00,0.37
H,37,112127,a,27.09.03,12.10.11,12,0,2,0,6,1,0,0,,4,25,2,18.08.15,12,2,0,2,8,4,0,0,,0,28,4,05.12.18,12,4,0,0,8,1,0,0,,0,25,4,,,,,,,,,
H,38,112129,a,14.11.03,08.11.11,9,0,0,0,6,3,0,0,,4,22,2,02.11.16,12,0,0,3,6,4,0,0,,4,29,3,12.01.23,0,0,0,0,6,0,0,0,,0,6,1,17.22,14.67,12.47,7.76,27.57,68.49,1585,482,0.3
Å,74,112130,a,24.11.03,,12,0,3,0,8,0,0,1,,4,28,3,,9,0,3,0,6,0,1,1,,3,23,2,,0,0,1,0,0,0,0,0,,0,1,1,8.51,8.39,14.78,13.17,25.72,70.71,1208.00,415.00,0.34
H,39,112131,b,01.12.03,17.01.12,12,4,4,0,8,3,0,0,,4,35,4,28.01.14,12,4,2,0,8,3,0,0,,3,32,4,15.01.20,12,4,2,0,8,0,0,0,,3,29,5,,,,,,,,,
Å,75,112133,b,18.12.03,,12,0,0,0,8,4,0,1,,4,29,4,,12,0,0,4,8,2,0,1,,4,31,4,,9,0,3,4,8,0,0,1,,0,25,3,12.8,11.82,13.13,10.13,25.19,68.22,1238.00,386.00,0.31
H,40,112135,b,18.02.04,29.02.12,0,0,0,0,0,0,0,1,,4,5,1,07.03.16,0,0,0,0,0,4,0,1,,3,8,1,22.09.22,0,0,0,0,0,0,0,1,,0,1,1,5.96,9.05,10.03,12.29,27.36,77.01,1508,381,0.25
Å,77,112137,a,16.03.04,,3,0,1,0,1,4,0,1,,4,14,2,,3,0,0,0,2,4,0,1,,4,14,1,,0,0,2,0,0,0,0,0,,0,2,1,8.83,8.94,8.22,7.74,23.58,66.46,1197.00,279.00,0.23
Å,78,112138,a,18.03.04,,12,0,1,3,8,4,0,0,,4,32,4,,12,4,0,4,8,4,0,0,,0,32,5,,12,4,2,4,8,4,0,0,,3,37,5,11.37,13.09,14.99,13.77,26.76,71.69,1394.00,582.00,0.42
Å,79,112139,b,07.04.04,,12,0,3,1,6,4,0,1,,4,31,2,,9,0,0,0,6,3,0,1,,0,19,2,,0,0,0,0,2,1,0,0,,,3,1,10.01,12.1,11.85,14.49,28.87,72.54,1321.00,469.00,0.36
Å,80,112140,a,04.05.04,,9,0,1,0,6,0,3,0,,4,23,2,,9,0,0,0,6,0,3,0,,3,21,2,,0,0,1,0,2,0,0,0,,0,3,1,6.36,4.6,9.48,5.4,24.75,70.47,1222.00,283.00,0.23
Å,81,112141,a,05.05.04,,9,0,4,0,0,4,0,0,,4,21,2,,12,0,3,4,6,4,0,0,,3,32,4,,0,0,2,0,2,0,0,0,,0,4,3,10.2,10.71,7.63,7.84,28.97,77.63,1535.00,273.00,0.18
Å,82,112142,b,10.05.04,,12,0,0,0,6,3,0,0,,4,25,3,,9,0,0,0,6,4,0,0,,4,23,2,,3,0,3,0,6,0,0,0,,0,12,2,1.46,0.47,4.4,10.44,26.23,71.98,1111.00,200.00,0.18
Å,83,112143,b,13.07.04,,12,0,1,0,6,4,0,0,,4,27,3,,,,,,,,,,,,0,,,9,1,1,0,0,1,0,0,,3,15,2,16.48,16.53,16.06,12.28,26.02,68.43,1480.00,496.00,0.33
Å,84,112144,b,16.07.04,,9,1,0,0,6,3,0,0,,4,23,2,,12,3,2,3,6,3,0,1,,4,34,3,,0,0,0,0,6,0,0,0,,0,6,2,4.52,6.88,12.13,6.95,25.83,74.64,1250.00,371.00,0.30
H,42,112145,a,16.07.04,31.10.12,12,0,0,0,6,4,0,0,,4,26,2,06.04.16,12,0,0,0,6,4,0,0,,4,26,2,18.10.22,0,0,0,0,0,0,0,0,,0,0,1,,,,,,,,,